estrategia,num_calculos,vpl_medio,vpl_desvio,eficiencia_media
Aleatoria,0,-35821050.733333334,15675336.955411064,-1.1134618447785016
Aleatoria,250,-713787.5333333333,7703906.076010911,-0.02218737773947123
Aleatoria,500,3307451.6,9200785.38471568,0.10280885358353391
Aleatoria,750,7006302.466666667,8703914.201461686,0.21778396529143035
Aleatoria,1000,8146043.333333333,8999038.345148684,0.2532116800565696
Aleatoria,1250,10507290.4,7577260.267274547,0.32660870390159946
Aleatoria,1500,11822154.866666667,7781442.670715105,0.3674799621342898
Aleatoria,1750,13339613.6,9329922.861051232,0.4146486622701652
Aleatoria,2000,16394816.8,7017225.850762711,0.5096166244488844
Aleatoria,2250,17831789.4,6288945.208334597,0.5542834929336568
Aleatoria,2500,18103284.4,6357978.406249401,0.562722645816094
Aleatoria,2750,19004228.8,5587750.750403104,0.5907276091862321
Aleatoria,3000,20614064.733333334,4577232.745900198,0.6407677629903206
Aleatoria,3250,20946912.666666668,4337750.952717231,0.6511140109728001
Aleatoria,3500,21240604.533333335,4473401.033860573,0.6602431314469465
Aleatoria,3750,22492565.733333334,4239670.26711427,0.6991591040051134
Aleatoria,4000,23020231.933333334,3891827.791522705,0.7155610846408329
Aleatoria,4250,23546390.066666666,4154638.2063125107,0.7319161885194966
Aleatoria,4500,23759549.133333333,4168013.613771157,0.7385420267554774
Aleatoria,4750,23813289.466666665,4120378.3093915903,0.7402124917325603
Aleatoria,5000,24119493.133333333,3897899.0135682225,0.7497305291040142
Aleatoria,5250,24349301.2,3965954.831165832,0.7568738849971882
Aleatoria,5500,24445977.133333333,3926015.3385318564,0.7598789605287903
Aleatoria,5750,24671915.333333332,3715611.6035320614,0.7669020254536791
Aleatoria,6000,25557778.533333335,3246897.5771345585,0.7944382046751199
Aleatoria,6250,25852016.2,3013831.486116402,0.8035842908010948
Aleatoria,6500,26152024.666666668,2912690.1574481837,0.8129097565232097
Aleatoria,6750,26206528.466666665,2945955.462607284,0.814603953104634
Aleatoria,7000,26597829.2,2466397.4106554743,0.8267671484180276
Aleatoria,7250,27060786.8,2017524.9290721894,0.8411577263825802
Aleatoria,7500,27194133.266666666,2006626.0188042538,0.8453026690833032
Aleatoria,7750,27583310.533333335,1825188.9643434521,0.857399858540822
Aleatoria,8000,27819880.333333332,1810068.7902127865,0.8647533962102729
Aleatoria,8250,27825316.2,1812257.3712790275,0.8649223647358389
Aleatoria,8500,27942234.066666666,1728991.5562862263,0.8685566406948378
Aleatoria,8750,27983350.2,1739731.4223356103,0.8698346949320601
Aleatoria,9000,28036121.933333334,1759862.7294484996,0.8714750519385288
Aleatoria,9250,28105968.4,1783523.7222620682,0.8736461601007345
Aleatoria,9500,28168702.4,1779463.2211673832,0.8755961842887557
Aleatoria,9750,28201889.933333334,1711521.7422701635,0.8766277858563389
Aleatoria,10000,28403237.333333332,1748961.6919719893,0.8828864701454832
Aleatoria,10250,28493233.6,1789455.5394489926,0.8856839148617711
Aleatoria,10500,28498876.066666666,1790761.6275253415,0.8858593053434892
Aleatoria,10750,28514636.466666665,1793635.936417456,0.8863492017507466
Aleatoria,11000,28638708.0,1798887.144029886,0.8902058423450796
Aleatoria,11250,28725353.133333333,1821566.4139135412,0.8928991204044145
Aleatoria,11500,28728944.333333332,1819156.8499283893,0.89301074929567
Aleatoria,11750,28832100.0,1584111.1522664689,0.8962172409131574
Aleatoria,12000,28967279.133333333,1279018.5774653195,0.9004191502400892
Aleatoria,12250,28967664.866666667,1279328.3391445163,0.9004311403782939
Aleatoria,12500,28971872.933333334,1275691.1135491824,0.9005619439582474
Aleatoria,12750,28973013.2,1275942.5457205127,0.9005973880169842
Aleatoria,13000,28988079.466666665,1278258.0299192262,0.9010657079778216
Aleatoria,13250,28988079.466666665,1278258.0299192262,0.9010657079778216
Aleatoria,13500,29101338.333333332,1193233.4874978317,0.90458624754979
Aleatoria,13750,29186582.866666667,1193943.7404313767,0.9072359893468472
Aleatoria,14000,29308427.0,1143328.3374972139,0.9110233934206904
Aleatoria,14250,29337422.266666666,1161580.4132399878,0.911924682535654
Aleatoria,14500,29338996.866666667,1162872.8315971163,0.9119736274154076
Aleatoria,14750,29339475.2,1163243.1802916485,0.9119884959327973
Aleatoria,15000,29340487.533333335,1162208.792900697,0.9120199633107159
Aleatoria,15250,29365059.2,1178548.9363671027,0.9127837492057647
Aleatoria,15500,29376927.866666667,1183684.7076242696,0.9131526749410847
Aleatoria,15750,29381370.4,1180593.8825103962,0.9132907666848933
Aleatoria,16000,29383958.466666665,1181871.7198214428,0.9133712141711082
Aleatoria,16250,29386500.6,1182130.449344427,0.9134502338652004
Aleatoria,16500,29388066.466666665,1181069.1358819085,0.9134989072779465
Aleatoria,16750,29438288.4,1031272.4039886565,0.9150600062795914
Aleatoria,17000,29441844.4,1029965.1318647221,0.9151705410137483
Aleatoria,17250,29441844.4,1029965.1318647221,0.9151705410137483
Aleatoria,17500,29446899.6,1032559.2064442738,0.9153276768934194
Aleatoria,17750,29447285.866666667,1032739.8020882447,0.9153396836097619
Aleatoria,18000,29486451.533333335,1008101.1071616539,0.9165571095245765
Aleatoria,18250,29500127.4,969066.12353159,0.9169822102800225
Aleatoria,18500,29625427.2,825181.7846522582,0.9208770303258385
Aleatoria,18750,29715750.066666666,650643.0651430789,0.9236846270792961
Aleatoria,19000,29721127.933333334,646799.0578478944,0.9238517927323703
Aleatoria,19250,29721689.666666668,646998.6983671678,0.9238692536560674
Aleatoria,19500,29721689.666666668,646998.6983671678,0.9238692536560674
Aleatoria,19750,29734156.466666665,640015.7994010624,0.9242567717729931
Aleatoria,20000,29738961.466666665,631739.9079530692,0.9244061304337423
Aleatoria,20250,29748616.2,620656.9930515105,0.9247062382465535
Aleatoria,20500,29749898.733333334,621671.9757702341,0.9247461045235635
Aleatoria,20750,29873447.6,488504.9588471515,0.9285864985427973
Aleatoria,21000,29898178.333333332,455174.665183702,0.9293552288674617
Aleatoria,21250,29899713.4,456227.5320588872,0.9294029448927466
Aleatoria,21500,29901827.8,457161.53474521457,0.929468668920278
Aleatoria,21750,29901827.8,457161.53474521457,0.929468668920278
Aleatoria,22000,29905586.8,453054.6879741057,0.9295855137081566
Aleatoria,22250,29908569.266666666,454423.58563953877,0.9296782207273162
Aleatoria,22500,29917861.133333333,446338.76226837694,0.9299670491895834
Aleatoria,22750,29947920.8,431779.4100813185,0.9309014241231738
Aleatoria,23000,29947938.533333335,431730.934690622,0.9309019753462575
Aleatoria,23250,29948018.533333335,431808.13767589396,0.930904462066936
Aleatoria,23500,29948848.266666666,431872.1626572029,0.9309302535049059
Aleatoria,23750,29978737.4,422693.2309289023,0.9318593275789165
Aleatoria,24000,29982048.733333334,423903.23439646105,0.931962257092332
Aleatoria,24250,29982048.733333334,423903.23439646105,0.931962257092332
Aleatoria,24500,29982798.133333333,423793.9081880091,0.9319855514482873
Aleatoria,24750,29984799.133333333,423649.25915850763,0.932047750549257
Aleatoria,25000,29987155.933333334,424400.083555005,0.9321210093404441
Aleatoria,25250,29987849.133333333,424632.9625087776,0.9321425567751228
Aleatoria,25500,29987849.133333333,424632.9625087776,0.9321425567751228
Aleatoria,25750,29991852.2,427099.63914009574,0.9322669881333379
Aleatoria,26000,29994190.533333335,427520.30946040887,0.9323396729065017
Aleatoria,26250,29994190.533333335,427520.30946040887,0.9323396729065017
Aleatoria,26500,29997533.0,429705.63458122953,0.9324435701687144
Aleatoria,26750,29997533.0,429705.63458122953,0.9324435701687144
Aleatoria,27000,29998795.4,429671.46149002196,0.9324828106210202
Aleatoria,27250,29998795.4,429671.46149002196,0.9324828106210202
Aleatoria,27500,29998795.4,429671.46149002196,0.9324828106210202
Aleatoria,27750,29999096.6,429817.1338128743,0.9324921731243746
Aleatoria,28000,30014110.533333335,434026.63464253413,0.932958866355435
Aleatoria,28250,30014937.266666666,434003.159935084,0.9329845645413795
Aleatoria,28500,30015358.533333335,434254.77672952495,0.9329976591980188
Aleatoria,28750,30015358.533333335,434254.77672952495,0.9329976591980188
Aleatoria,29000,30018253.533333335,436549.0945275664,0.9330876474025701
Aleatoria,29250,30022816.866666667,439329.11586708255,0.9332294940946031
Aleatoria,29500,30023477.666666668,437550.4108724693,0.9332500344074071
Aleatoria,29750,30026870.2,437443.73291645834,0.933355487942311
Aleatoria,30000,30029757.6,437935.54401023773,0.933445239908398
Aleatoria,30250,30029868.133333333,437942.9249548176,0.9334486757274686
Aleatoria,30500,30030864.266666666,438522.8345619069,0.9334796395444497
Aleatoria,30750,30030864.266666666,438522.8345619069,0.9334796395444497
Aleatoria,31000,30030864.266666666,438522.8345619069,0.9334796395444497
Aleatoria,31250,30032122.2,439387.8119312629,0.9335187411548511
Aleatoria,31500,30032122.2,439387.8119312629,0.9335187411548511
Aleatoria,31750,30032266.866666667,439352.26020632865,0.9335232379747447
Aleatoria,32000,30032352.733333334,439379.09204832395,0.9335259070549395
Aleatoria,32250,30032671.133333333,439565.2866982603,0.9335358042032397
Aleatoria,32500,30033800.533333335,440183.91941386537,0.9335709104824178
Aleatoria,32750,30034230.533333335,440344.4485224634,0.9335842766060644
Aleatoria,33000,30037831.933333334,441892.58944768575,0.9336962225542064
Aleatoria,33250,30041571.466666665,444136.6406005937,0.9338124622400531
Aleatoria,33500,30041628.2,444160.33139400074,0.9338142257394676
Aleatoria,33750,30043089.0,444748.388565779,0.9338596332590561
Aleatoria,34000,30043268.466666665,444842.64205364423,0.9338652118024446
Aleatoria,34250,30046533.8,440810.7053419059,0.9339667114514699
Aleatoria,34500,30048071.2,440424.64236221585,0.934014500006108
Aleatoria,34750,30048071.2,440424.64236221585,0.934014500006108
Aleatoria,35000,30048832.0,439454.65131910937,0.93403814871976
Aleatoria,35250,30049253.133333333,438229.22697893204,0.9340512392318648
Aleatoria,35500,30049569.4,438449.74314522557,0.9340610700676136
Aleatoria,35750,30056281.933333334,441776.48132680764,0.9342697225106732
Aleatoria,36000,30141131.866666667,290872.74734565546,0.9369071985579839
Aleatoria,36250,30143288.8,290915.7878213949,0.9369742446920093
Aleatoria,36500,30154951.4,290161.632061413,0.9373367650493148
Aleatoria,36750,30154951.4,290161.632061413,0.9373367650493148
Aleatoria,37000,30159069.866666667,290673.03973509156,0.9374647835021086
Aleatoria,37250,30159353.133333333,290736.6734449545,0.9374735885655775
Aleatoria,37500,30159353.133333333,290736.6734449545,0.9374735885655775
Aleatoria,37750,30163367.333333332,293580.4478047509,0.9375983659924203
Aleatoria,38000,30163569.666666668,293624.99774193676,0.9376046553234696
Aleatoria,38250,30164687.0,293921.8579481871,0.9376393865222785
Aleatoria,38500,30164687.0,293921.8579481871,0.9376393865222785
Aleatoria,38750,30164687.0,293921.8579481871,0.9376393865222785
Aleatoria,39000,30165335.0,294175.6427214385,0.937659528959774
Aleatoria,39250,30165376.466666665,294186.1983277808,0.9376608179099922
Aleatoria,39500,30165376.466666665,294186.1983277808,0.9376608179099922
Aleatoria,39750,30168854.666666668,295284.2342215539,0.9377689343082896
Aleatoria,40000,30169044.8,295171.0393457616,0.9377748444144353
Aleatoria,40250,30169539.466666665,295393.7600680214,0.9377902206372969
Aleatoria,40500,30169770.2,295501.8370405069,0.937797392754187
Aleatoria,40750,30169770.2,295501.8370405069,0.937797392754187
Aleatoria,41000,30170405.6,295921.8343949728,0.9378171435331757
Aleatoria,41250,30170405.6,295921.8343949728,0.9378171435331757
Aleatoria,41500,30172892.533333335,296811.07070368296,0.9378944473899997
Aleatoria,41750,30172913.533333335,296817.98589079245,0.9378951001541778
Aleatoria,42000,30172913.533333335,296817.98589079245,0.9378951001541778
Aleatoria,42250,30173889.8,297133.8955445123,0.9379254464355237
Aleatoria,42500,30174572.533333335,297553.56703142344,0.937946668524247
Aleatoria,42750,30175902.533333335,297617.7065119102,0.9379880102555262
Aleatoria,43000,30176342.6,297879.5588936671,0.9380016892915249
Aleatoria,43250,30176342.6,297879.5588936671,0.9380016892915249
Aleatoria,43500,30176342.6,297879.5588936671,0.9380016892915249
Aleatoria,43750,30182417.133333333,298250.5331847388,0.9381905101371738
Aleatoria,44000,30182417.133333333,298250.5331847388,0.9381905101371738
Aleatoria,44250,30184109.133333333,298339.89705292915,0.938243104279523
Aleatoria,44500,30184791.066666666,297991.5383356348,0.9382643015010395
Aleatoria,44750,30184974.533333335,298068.73573817225,0.9382700043804622
Aleatoria,45000,30188044.2,298744.55511456606,0.9383654219251613
Aleatoria,45250,30188044.2,298744.55511456606,0.9383654219251613
Aleatoria,45500,30191376.733333334,300697.1689734343,0.9384690104195565
Aleatoria,45750,30192165.266666666,301184.09487043606,0.9384935211963771
Aleatoria,46000,30193342.533333335,301925.5196903148,0.9385301153634277
Aleatoria,46250,30193373.466666665,301929.05387710506,0.9385310768954233
Aleatoria,46500,30194241.066666666,301975.65336214646,0.938558045381181
Aleatoria,46750,30194241.066666666,301975.65336214646,0.938558045381181
Aleatoria,47000,30194711.133333333,300308.17427456717,0.9385726569374342
Aleatoria,47250,30196297.466666665,300839.0818778767,0.9386219665362205
Aleatoria,47500,30196775.533333335,301151.5561703743,0.9386368267645415
Aleatoria,47750,30196775.533333335,301151.5561703743,0.9386368267645415
Aleatoria,48000,30196775.533333335,301151.5561703743,0.9386368267645415
Aleatoria,48250,30196775.533333335,301151.5561703743,0.9386368267645415
Aleatoria,48500,30197721.333333332,301475.5142830643,0.9386662260197625
Aleatoria,48750,30197911.333333332,301560.78611016547,0.9386721319813737
Aleatoria,49000,30198195.866666667,300553.2776974745,0.9386809764179201
Aleatoria,49250,30200165.0,299873.3942966598,0.9387421849751528
Aleatoria,49500,30202716.866666667,299748.4685879781,0.9388215072202608
Aleatoria,49750,30203528.533333335,296857.07961813797,0.9388467370738109
Aleatoria,50000,30204245.0,297185.37915535865,0.9388690077297537
Aleatoria + BL,0,-35821050.733333334,15675336.955411064,-1.1134618447785016
Aleatoria + BL,250,-35821050.733333334,15675336.955411064,-1.1134618447785016
Aleatoria + BL,500,9234132.666666666,10543296.991622895,0.2870338581215401
Aleatoria + BL,750,16271797.133333333,7355861.372422003,0.5057926800869387
Aleatoria + BL,1000,20033134.466666665,6500112.02634082,0.6227101216546237
Aleatoria + BL,1250,23047640.466666665,5485012.189021212,0.7164130517234066
Aleatoria + BL,1500,24505941.133333333,4411065.52888988,0.7617428820133203
Aleatoria + BL,1750,25675708.866666667,3888036.073046572,0.7981039521565717
Aleatoria + BL,2000,26756279.066666666,2975362.0005945126,0.8316924054172422
Aleatoria + BL,2250,26756279.066666666,2975362.0005945126,0.8316924054172422
Aleatoria + BL,2500,27227520.666666668,2840611.1518834583,0.8463404833080481
Aleatoria + BL,2750,28557961.333333332,1834727.7663194796,0.8876959122736336
Aleatoria + BL,3000,28836838.133333333,1674616.5475017542,0.8963645210898729
Aleatoria + BL,3250,29444707.466666665,1121608.5567368264,0.9152595366022954
Aleatoria + BL,3500,29680256.133333333,901697.7590822664,0.9225813333545533
Aleatoria + BL,3750,29807622.6,914445.483552097,0.9265403936845625
Aleatoria + BL,4000,29891849.2,932234.4743591069,0.9291584940332536
Aleatoria + BL,4250,30126788.466666665,497037.16594132164,0.9364613481907433
Aleatoria + BL,4500,30126788.466666665,497037.16594132164,0.9364613481907433
Aleatoria + BL,4750,30139219.533333335,501805.3480849872,0.9368477555724328
Aleatoria + BL,5000,30219493.2,438689.2217423238,0.9393429829078673
Aleatoria + BL,5250,30231103.666666668,439491.5216220521,0.9397038827521976
Aleatoria + BL,5500,30246385.866666667,440057.69444972725,0.9401789147865997
Aleatoria + BL,5750,30254594.8,438700.15656176175,0.9404340813399495
Aleatoria + BL,6000,30344780.666666668,182315.5843337381,0.9432374195842455
Aleatoria + BL,6250,30366157.666666668,168972.9834748175,0.9439019024335349
Aleatoria + BL,6500,30377586.8,163829.38369849458,0.944257165710994
Aleatoria + BL,6750,30377586.8,163829.38369849458,0.944257165710994
Aleatoria + BL,7000,30385514.4,164796.14537482362,0.9445035872966246
Aleatoria + BL,7250,30395318.866666667,164409.24510278206,0.944808349421639
Aleatoria + BL,7500,30404905.866666667,161413.9601591717,0.9451063518109424
Aleatoria + BL,7750,30411150.333333332,162268.71856041168,0.9453004548657657
Aleatoria + BL,8000,30418062.066666666,163409.41722839544,0.9455152992433147
Aleatoria + BL,8250,30422653.4,164254.09601146285,0.9456580162875852
Aleatoria + BL,8500,30429760.2,165203.10530901913,0.945878924119055
Aleatoria + BL,8750,30433799.0,164538.39066092056,0.9460044662125066
Aleatoria + BL,9000,30439675.866666667,166103.09860482378,0.9461871427858125
Aleatoria + BL,9250,30439675.866666667,166103.09860482378,0.9461871427858125
Aleatoria + BL,9500,30446717.266666666,165858.9690677279,0.9464060177231276
Aleatoria + BL,9750,30452091.866666667,165808.81305797724,0.9465730818351075
Aleatoria + BL,10000,30458963.866666667,166099.94736554884,0.946786691141386
Aleatoria + BL,10250,30463268.866666667,166459.05869606783,0.9469205077978949
Aleatoria + BL,10500,30470201.6,164534.72209918837,0.947136004939622
Aleatoria + BL,10750,30478262.933333334,162462.787744265,0.9473865834933202
Aleatoria + BL,11000,30483526.133333333,162312.12506150288,0.9475501848467551
Aleatoria + BL,11250,30485859.466666665,162422.98585829473,0.9476227141998765
Aleatoria + BL,11500,30485859.466666665,162422.98585829473,0.9476227141998765
Aleatoria + BL,11750,30497158.6,157434.81683759065,0.9479739365562332
Aleatoria + BL,12000,30500793.6,156731.230227236,0.9480869269270601
Aleatoria + BL,12250,30506724.4,156585.54769098494,0.9482712799645567
Aleatoria + BL,12500,30513127.066666666,156134.75733136365,0.9484703005095219
Aleatoria + BL,12750,30516665.066666666,153419.96907483655,0.9485802757315261
Aleatoria + BL,13000,30525387.666666668,153841.60425657974,0.948851409103899
Aleatoria + BL,13250,30528897.466666665,152457.49988761113,0.948960507756864
Aleatoria + BL,13500,30532812.666666668,151701.20474126888,0.9490822078668674
Aleatoria + BL,13750,30532812.666666668,151701.20474126888,0.9490822078668674
Aleatoria + BL,14000,30536261.066666666,150801.08382211253,0.9491893979617118
Aleatoria + BL,14250,30539678.8,151643.9517851885,0.9492956348136294
Aleatoria + BL,14500,30541082.4,151553.7893676226,0.9493392643279328
Aleatoria + BL,14750,30542466.533333335,150590.85566473848,0.9493822887402045
Aleatoria + BL,15000,30546164.933333334,151326.42104285062,0.949497249837169
Aleatoria + BL,15250,30550305.266666666,154839.21377465202,0.9496259479936148
Aleatoria + BL,15500,30554100.6,157452.91693337588,0.9497439221671349
Aleatoria + BL,15750,30556225.533333335,157402.52390237615,0.9498099736128889
Aleatoria + BL,16000,30562078.333333332,160330.35723185813,0.949991902097724
Aleatoria + BL,16250,30562078.333333332,160330.35723185813,0.949991902097724
Aleatoria + BL,16500,30568170.866666667,164910.8027557697,0.9501812824555256
Aleatoria + BL,16750,30569986.466666665,164909.1130644248,0.9502377185813229
Aleatoria + BL,17000,30575164.6,165072.01322833964,0.95039867572177
Aleatoria + BL,17250,30577080.4,163503.58206595964,0.9504582264652169
Aleatoria + BL,17500,30579602.933333334,164333.20658017904,0.9505366369127429
Aleatoria + BL,17750,30584825.733333334,162539.75261651562,0.9506989824722354
Aleatoria + BL,18000,30589947.2,166822.32127249296,0.950858178185535
Aleatoria + BL,18250,30591779.533333335,166107.35934366006,0.9509151344504077
Aleatoria + BL,18500,30591779.533333335,166107.35934366006,0.9509151344504077
Aleatoria + BL,18750,30594863.333333332,166755.0544342838,0.9510109913157601
Aleatoria + BL,19000,30597197.0,166684.52175377807,0.9510835310302176
Aleatoria + BL,19250,30602729.4,167324.55992889986,0.9512555001987356
Aleatoria + BL,19500,30603950.4,167623.5173377701,0.9512934537730904
Aleatoria + BL,19750,30605538.733333334,166974.19610033275,0.9513428255398938
Aleatoria + BL,20000,30609761.6,162638.06544805467,0.9514740891631729
Aleatoria + BL,20250,30611716.466666665,161490.6079285226,0.9515348542552178
Aleatoria + BL,20500,30613120.4,161536.4653921832,0.9515784941308574
Aleatoria + BL,20750,30613120.4,161536.4653921832,0.9515784941308574
Aleatoria + BL,21000,30613742.066666666,160978.67955924504,0.9515978180227962
Aleatoria + BL,21250,30615019.2,160590.0889070413,0.9516375164461603
Aleatoria + BL,21500,30617290.6,159550.13554536033,0.9517081206630232
Aleatoria + BL,21750,30618702.533333335,159602.6589130764,0.9517520092107306
Aleatoria + BL,22000,30620173.866666667,159565.04020522552,0.9517977441485416
Aleatoria + BL,22250,30622037.0,159138.89884311755,0.9518556578008754
Aleatoria + BL,22500,30624017.4,159429.671686654,0.9519172165712703
Aleatoria + BL,22750,30624971.533333335,159180.27475604357,0.9519468748598954
Aleatoria + BL,23000,30625663.933333334,159164.60900386237,0.9519683974273673
Aleatoria + BL,23250,30625663.933333334,159164.60900386237,0.9519683974273673
Aleatoria + BL,23500,30626849.666666668,158851.0664241674,0.9520052547723563
Aleatoria + BL,23750,30628896.0,157915.59527391297,0.9520688630150438
Aleatoria + BL,24000,30629025.933333334,158023.83973740286,0.952072901863879
Aleatoria + BL,24250,30630905.533333335,158961.32596051093,0.9521313273662192
Aleatoria + BL,24500,30631700.0,159375.8932474688,0.9521560225748233
Aleatoria + BL,24750,30631831.8,159482.01267729222,0.9521601194471411
Aleatoria + BL,25000,30638382.8,159242.5961083098,0.9523637507866974
Aleatoria + BL,25250,30638893.4,158583.35591858308,0.9523796222814276
Aleatoria + BL,25500,30638893.4,158583.35591858308,0.9523796222814276
Aleatoria + BL,25750,30638903.8,158560.87040052292,0.9523799455551158
Aleatoria + BL,26000,30639125.933333334,158749.97404745192,0.952386850349533
Aleatoria + BL,26250,30639755.333333332,157488.434920367,0.9524064146244706
Aleatoria + BL,26500,30639825.133333333,157427.3703534729,0.9524085842882626
Aleatoria + BL,26750,30640574.0,157782.78673317225,0.9524318620660801
Aleatoria + BL,27000,30642310.666666668,157648.1633940713,0.9524858446274748
Aleatoria + BL,27250,30643027.333333332,157579.41852768656,0.952508121500219
Aleatoria + BL,27500,30644198.266666666,156149.5363281468,0.9525445188018826
Aleatoria + BL,27750,30644198.266666666,156149.5363281468,0.9525445188018826
Aleatoria + BL,28000,30645323.4,156930.24086462293,0.9525794924559577
Aleatoria + BL,28250,30645485.133333333,157034.54497833393,0.9525845197762627
Aleatoria + BL,28500,30647984.666666668,155460.68253175172,0.9526622152915936
Aleatoria + BL,28750,30648520.0,155636.33039694995,0.9526788555974668
Aleatoria + BL,29000,30649263.2,154029.90737200543,0.9527019572325696
Aleatoria + BL,29250,30650758.533333335,155126.9112597197,0.9527484381865843
Aleatoria + BL,29500,30653259.6,153982.8683804978,0.9528261813640615
Aleatoria + BL,29750,30654121.266666666,154192.24480890576,0.9528529654180354
Aleatoria + BL,30000,30654982.0,154754.59894897192,0.9528797204602684
Aleatoria + BL,30250,30654982.0,154754.59894897192,0.9528797204602684
Aleatoria + BL,30500,30655743.8,154953.18924123043,0.9529034002579289
Aleatoria + BL,30750,30655743.8,154953.18924123043,0.9529034002579289
Aleatoria + BL,31000,30655853.466666665,155017.08418653483,0.9529068091375256
Aleatoria + BL,31250,30655853.466666665,155017.08418653483,0.9529068091375256
Aleatoria + BL,31500,30656598.066666666,155457.85581467164,0.9529299542902402
Aleatoria + BL,31750,30657643.6,155104.99011996452,0.9529624536572403
Aleatoria + BL,32000,30657643.6,155104.99011996452,0.9529624536572403
Aleatoria + BL,32250,30657687.4,155151.90615273977,0.9529638151368117
Aleatoria + BL,32500,30657687.4,155151.90615273977,0.9529638151368117
Aleatoria + BL,32750,30658241.933333334,155308.7208734667,0.9529810522556479
Aleatoria + BL,33000,30659141.933333334,154321.13081283582,0.9530090278632803
Aleatoria + BL,33250,30659457.0,154519.2784061033,0.953018821398219
Aleatoria + BL,33500,30659630.8,154586.6782359611,0.953024223798893
Aleatoria + BL,33750,30659727.733333334,154649.38272310724,0.9530272368754483
Aleatoria + BL,34000,30659851.333333332,154608.24542125204,0.9530310788588965
Aleatoria + BL,34250,30659851.333333332,154608.24542125204,0.9530310788588965
Aleatoria + BL,34500,30659851.333333332,154608.24542125204,0.9530310788588965
Aleatoria + BL,34750,30659851.333333332,154608.24542125204,0.9530310788588965
Aleatoria + BL,35000,30660025.866666667,154305.66338225597,0.95303650405451
Aleatoria + BL,35250,30660279.933333334,154066.19244034906,0.9530444014649313
Aleatoria + BL,35500,30660279.933333334,154066.19244034906,0.9530444014649313
Aleatoria + BL,35750,30660279.933333334,154066.19244034906,0.9530444014649313
Aleatoria + BL,36000,30660279.933333334,154066.19244034906,0.9530444014649313
Aleatoria + BL,36250,30660290.866666667,154062.65617499666,0.9530447413167573
Aleatoria + BL,36500,30660550.333333332,154341.3852020748,0.9530528065808244
Aleatoria + BL,36750,30660550.333333332,154341.3852020748,0.9530528065808244
Aleatoria + BL,37000,30660834.733333334,153760.82303344962,0.9530616468728363
Aleatoria + BL,37250,30660834.733333334,153760.82303344962,0.9530616468728363
Aleatoria + BL,37500,30660834.733333334,153760.82303344962,0.9530616468728363
Aleatoria + BL,37750,30660834.733333334,153760.82303344962,0.9530616468728363
Aleatoria + BL,38000,30661104.2,153216.02140731143,0.9530700229769882
Aleatoria + BL,38250,30661474.133333333,153449.21060676101,0.9530815219878588
Aleatoria + BL,38500,30661738.666666668,153622.98549727263,0.9530897447442356
Aleatoria + BL,38750,30662103.533333335,153873.54213948667,0.9531010862627965
Aleatoria + BL,39000,30662733.066666666,154335.3149423436,0.9531206546822686
Aleatoria + BL,39250,30662733.066666666,154335.3149423436,0.9531206546822686
Aleatoria + BL,39500,30662733.066666666,154335.3149423436,0.9531206546822686
Aleatoria + BL,39750,30662916.733333334,154453.6284323674,0.9531263637784929
Aleatoria + BL,40000,30662916.733333334,154453.6284323674,0.9531263637784929
Aleatoria + BL,40250,30663201.4,154331.82602838968,0.9531352123595737
Aleatoria + BL,40500,30663910.8,153939.83804451473,0.9531572633551899
Aleatoria + BL,40750,30663910.8,153939.83804451473,0.9531572633551899
Aleatoria + BL,41000,30664114.4,153869.51200091589,0.9531635920593164
Aleatoria + BL,41250,30664114.4,153869.51200091589,0.9531635920593164
Aleatoria + BL,41500,30664775.6,153750.49783464117,0.9531841448057239
Aleatoria + BL,41750,30664775.6,153750.49783464117,0.9531841448057239
Aleatoria + BL,42000,30664775.6,153750.49783464117,0.9531841448057239
Aleatoria + BL,42250,30664819.4,153673.61153794194,0.9531855062852953
Aleatoria + BL,42500,30664819.4,153673.61153794194,0.9531855062852953
Aleatoria + BL,42750,30665304.066666666,152832.81755867688,0.9532005716680723
Aleatoria + BL,43000,30665304.066666666,152832.81755867688,0.9532005716680723
Aleatoria + BL,43250,30665344.0,152793.0143789303,0.9532018129561443
Aleatoria + BL,43500,30665344.0,152793.0143789303,0.9532018129561443
Aleatoria + BL,43750,30665344.0,152793.0143789303,0.9532018129561443
Aleatoria + BL,44000,30665344.0,152793.0143789303,0.9532018129561443
Aleatoria + BL,44250,30665344.0,152793.0143789303,0.9532018129561443
Aleatoria + BL,44500,30665344.0,152793.0143789303,0.9532018129561443
Aleatoria + BL,44750,30665344.0,152793.0143789303,0.9532018129561443
Aleatoria + BL,45000,30665344.0,152793.0143789303,0.9532018129561443
Aleatoria + BL,45250,30665344.0,152793.0143789303,0.9532018129561443
Aleatoria + BL,45500,30665344.0,152793.0143789303,0.9532018129561443
Aleatoria + BL,45750,30665344.0,152793.0143789303,0.9532018129561443
Aleatoria + BL,46000,30666381.8,153540.32908476243,0.9532340719401454
Aleatoria + BL,46250,30666565.4,153358.76222290937,0.9532397789641024
Aleatoria + BL,46500,30666565.4,153358.76222290937,0.9532397789641024
Aleatoria + BL,46750,30666565.4,153358.76222290937,0.9532397789641024
Aleatoria + BL,47000,30666623.666666668,153337.4713013595,0.9532415901256632
Aleatoria + BL,47250,30666623.666666668,153337.4713013595,0.9532415901256632
Aleatoria + BL,47500,30667018.933333334,153648.50611540367,0.953253876598082
Aleatoria + BL,47750,30667018.933333334,153648.50611540367,0.953253876598082
Aleatoria + BL,48000,30667165.533333335,153767.58012517585,0.9532584335137253
Aleatoria + BL,48250,30667165.533333335,153767.58012517585,0.9532584335137253
Aleatoria + BL,48500,30667165.533333335,153767.58012517585,0.9532584335137253
Aleatoria + BL,48750,30667165.533333335,153767.58012517585,0.9532584335137253
Aleatoria + BL,49000,30667165.533333335,153767.58012517585,0.9532584335137253
Aleatoria + BL,49250,30667593.666666668,154126.7735551608,0.9532717416138894
Aleatoria + BL,49500,30667593.666666668,154126.7735551608,0.9532717416138894
Aleatoria + BL,49750,30667593.666666668,154126.7735551608,0.9532717416138894
Aleatoria + BL,50000,30667593.666666668,154126.7735551608,0.9532717416138894
GRASP (a=0.5),0,-471100756.6,13179720.968699234,-14.643699913365761
GRASP (a=0.5),250,-418391037.6,12508646.744312271,-13.005270560960357
GRASP (a=0.5),500,-394352178.8666667,19957664.022514872,-12.25804647222977
GRASP (a=0.5),750,-376805937.0,22740454.832963347,-11.712638941243856
GRASP (a=0.5),1000,-365265444.46666664,24082836.337695677,-11.353914173467562
GRASP (a=0.5),1250,-349850780.53333336,24823301.937309287,-10.874764629038419
GRASP (a=0.5),1500,-334713663.2,25931693.657046173,-10.40424234547743
GRASP (a=0.5),1750,-322012127.4,30066865.715678234,-10.00942769895374
GRASP (a=0.5),2000,-309784833.93333334,32122827.05124213,-9.629354405141237
GRASP (a=0.5),2250,-301353081.0,34091471.52781629,-9.367261725455283
GRASP (a=0.5),2500,-287985987.53333336,33249959.95390453,-8.951758878776605
GRASP (a=0.5),2750,-276041297.2,30992643.907684743,-8.580470023157275
GRASP (a=0.5),3000,-266221183.6,31464793.91654113,-8.275221528734539
GRASP (a=0.5),3250,-256759858.06666666,29171228.93962527,-7.981125605618804
GRASP (a=0.5),3500,-245413596.8,32952566.12932629,-7.628438324182771
GRASP (a=0.5),3750,-234062880.93333334,37978463.39971819,-7.275612575922561
GRASP (a=0.5),4000,-219810637.93333334,44837050.45737311,-6.832595733643163
GRASP (a=0.5),4250,-212576884.0,46808833.3449244,-6.607741665032943
GRASP (a=0.5),4500,-201125572.46666667,44081352.62100007,-6.251789000216956
GRASP (a=0.5),4750,-195992027.06666666,43573799.92275422,-6.092217831467873
GRASP (a=0.5),5000,-187246475.73333332,46446150.409552634,-5.8203710396551225
GRASP (a=0.5),5250,-181555273.4,44017883.729318775,-5.643465658061049
GRASP (a=0.5),5500,-173788863.6,42985496.79048509,-5.4020545099741275
GRASP (a=0.5),5750,-165162959.0,43215750.53674345,-5.133926818234986
GRASP (a=0.5),6000,-157454167.73333332,37699570.547010235,-4.894306685126837
GRASP (a=0.5),6250,-152733725.66666666,39541110.315244645,-4.747576423894447
GRASP (a=0.5),6500,-146283816.66666666,39813453.26559365,-4.547087397839427
GRASP (a=0.5),6750,-137719126.66666666,39113737.68341929,-4.280862501245821
GRASP (a=0.5),7000,-130781426.06666666,41390916.59973624,-4.065210956959642
GRASP (a=0.5),7250,-120703877.2,44816962.07597058,-3.7519603425246366
GRASP (a=0.5),7500,-113614450.13333334,43546880.70816195,-3.5315925314618606
GRASP (a=0.5),7750,-106109993.0,44098079.60616267,-3.298323922287119
GRASP (a=0.5),8000,-98239420.26666667,41126480.84465184,-3.053674972697102
GRASP (a=0.5),8250,-89252450.73333333,40838639.85539318,-2.774323935508184
GRASP (a=0.5),8500,-81783110.93333334,38680096.82241956,-2.542146913820592
GRASP (a=0.5),8750,-76542141.46666667,37476549.881392494,-2.379236574472223
GRASP (a=0.5),9000,-71935187.53333333,37145051.265658095,-2.2360339793388118
GRASP (a=0.5),9250,-68356465.93333334,35558345.02378291,-2.124792966774749
GRASP (a=0.5),9500,-63925926.8,35415883.457226895,-1.987074050780639
GRASP (a=0.5),9750,-60327259.2,33006100.821134903,-1.8752130365834225
GRASP (a=0.5),10000,-56616862.86666667,29813514.330219526,-1.759879045491747
GRASP (a=0.5),10250,-53210128.4,30155302.791612115,-1.6539840824387693
GRASP (a=0.5),10500,-48115688.0,27767189.107005127,-1.4956284538413198
GRASP (a=0.5),10750,-44732995.2,29783632.792500243,-1.3904808021588964
GRASP (a=0.5),11000,-41799128.86666667,28990210.63203157,-1.2992844761726516
GRASP (a=0.5),11250,-40889762.666666664,28277727.524722014,-1.2710177294998917
GRASP (a=0.5),11500,-38863032.06666667,26481940.869512264,-1.208018818341625
GRASP (a=0.5),11750,-36361570.86666667,27617341.884815935,-1.1302633771869635
GRASP (a=0.5),12000,-34068494.86666667,27977663.647545982,-1.0589853833563307
GRASP (a=0.5),12250,-30691447.333333332,27098374.630341396,-0.9540132091908491
GRASP (a=0.5),12500,-27675110.133333333,24706684.985233866,-0.8602533580857366
GRASP (a=0.5),12750,-25934117.333333332,23862309.39512258,-0.806136323125894
GRASP (a=0.5),13000,-22178243.733333334,21682913.48012641,-0.689388716291478
GRASP (a=0.5),13250,-18345756.266666666,19166971.765655305,-0.5702596433758647
GRASP (a=0.5),13500,-16147494.533333333,20795555.779436737,-0.5019288570143795
GRASP (a=0.5),13750,-15357343.266666668,20971691.283455476,-0.47736778834036564
GRASP (a=0.5),14000,-12426870.6,19250522.952613976,-0.386276951117568
GRASP (a=0.5),14250,-11177718.733333332,18879137.295014054,-0.34744830390055914
GRASP (a=0.5),14500,-10340537.866666667,18537863.815350115,-0.3214253667413066
GRASP (a=0.5),14750,-9721892.533333333,18688374.862863783,-0.3021953899534972
GRASP (a=0.5),15000,-8919539.266666668,18351007.69397149,-0.2772550342080032
GRASP (a=0.5),15250,-5367548.266666667,17704014.20014021,-0.16684491584103137
GRASP (a=0.5),15500,-4706573.666666667,17409958.404730875,-0.1462991757691782
GRASP (a=0.5),15750,-3634929.7333333334,17205927.97597943,-0.11298818665727432
GRASP (a=0.5),16000,-1802877.7333333334,15626429.926171599,-0.05604066675239636
GRASP (a=0.5),16250,-666321.6666666666,15291386.445806427,-0.020711948337466108
GRASP (a=0.5),16500,79119.93333333333,15440340.545980282,0.00245936467871688
GRASP (a=0.5),16750,1260486.2,14288526.927217185,0.03918096373046397
GRASP (a=0.5),17000,3670426.2666666666,13108621.137067122,0.11409156120043912
GRASP (a=0.5),17250,3698622.066666667,13078271.841272833,0.1149679996867561
GRASP (a=0.5),17500,5060673.4,12950214.080656487,0.15730601488308543
GRASP (a=0.5),17750,5441163.2,12525567.146040067,0.1691331630530626
GRASP (a=0.5),18000,5799003.333333333,12292298.42592157,0.18025626879229062
GRASP (a=0.5),18250,6326663.0,12745686.750526834,0.19665804634582146
GRASP (a=0.5),18500,7292651.6,11602343.71793278,0.22668484418037266
GRASP (a=0.5),18750,7600090.8,11228028.004415113,0.2362412868804378
GRASP (a=0.5),19000,8156520.533333333,11288330.808327565,0.2535373534302224
GRASP (a=0.5),19250,8315600.666666667,11403488.428564379,0.2584822016438488
GRASP (a=0.5),19500,9883500.8,9952134.700276507,0.307218822685097
GRASP (a=0.5),19750,10988834.4,9133285.740845967,0.34157702168137566
GRASP (a=0.5),20000,11767633.666666666,9110580.127949893,0.3657852246911179
GRASP (a=0.5),20250,12185429.4,8955587.652480535,0.3787719908092047
GRASP (a=0.5),20500,12416427.266666668,8858406.567826102,0.3859523304556691
GRASP (a=0.5),20750,12553380.266666668,8695604.985069472,0.39020937866911104
GRASP (a=0.5),21000,13257181.6,8367814.989526357,0.4120863452830934
GRASP (a=0.5),21250,13526134.4,8539877.472428795,0.42044647639917127
GRASP (a=0.5),21500,13825679.666666666,8612757.374603739,0.42975754400855787
GRASP (a=0.5),21750,13850823.0,8602814.281116873,0.4305390995951215
GRASP (a=0.5),22000,15180611.133333333,9041668.167400217,0.47187424520903987
GRASP (a=0.5),22250,15754520.666666666,8861685.927643983,0.48971365401026345
GRASP (a=0.5),22500,16091110.933333334,8498812.449515363,0.5001762287138135
GRASP (a=0.5),22750,16217678.066666666,8465926.823702062,0.5041104425597105
GRASP (a=0.5),23000,16404468.0,8643850.924298408,0.5099166224315322
GRASP (a=0.5),23250,16504139.4,8641906.33764224,0.5130148090744043
GRASP (a=0.5),23500,16916372.8,7869323.724267245,0.5258286755759859
GRASP (a=0.5),23750,17352827.533333335,7366313.9235941935,0.539395438208312
GRASP (a=0.5),24000,17496598.066666666,7464064.648455993,0.5438644026857039
GRASP (a=0.5),24250,17718804.8,7200658.879143037,0.550771478669081
GRASP (a=0.5),24500,18226820.133333333,7016485.468239004,0.5665626315986829
GRASP (a=0.5),24750,19185195.666666668,6513559.138661407,0.5963527848044042
GRASP (a=0.5),25000,19436364.6,6394865.08317965,0.6041601220581978
GRASP (a=0.5),25250,19451873.866666667,6397298.869084177,0.6046422122347922
GRASP (a=0.5),25500,19601890.066666666,6288435.366503914,0.6093053170678177
GRASP (a=0.5),25750,19668155.133333333,6340779.2458502725,0.6113651009620511
GRASP (a=0.5),26000,20329997.466666665,6182104.771059737,0.6319378136641964
GRASP (a=0.5),26250,21068905.2,6367035.656719788,0.6549060279135017
GRASP (a=0.5),26500,21126234.066666666,6395207.745163545,0.6566880388911509
GRASP (a=0.5),26750,21219140.6,6426243.800520453,0.6595759463611863
GRASP (a=0.5),27000,21554270.133333333,6432635.812474805,0.669993115617415
GRASP (a=0.5),27250,21554270.133333333,6432635.812474805,0.669993115617415
GRASP (a=0.5),27500,21710915.133333333,6491738.046076455,0.6748622701258568
GRASP (a=0.5),27750,21808482.266666666,6487997.035792629,0.6778950477258168
GRASP (a=0.5),28000,21817996.933333334,6479545.891087756,0.6781908017051734
GRASP (a=0.5),28250,21817996.933333334,6479545.891087756,0.6781908017051734
GRASP (a=0.5),28500,22090202.6,6223690.392153686,0.6866520449563042
GRASP (a=0.5),28750,22090666.4,6223961.276383115,0.6866664617194373
GRASP (a=0.5),29000,22575489.0,5320479.673103115,0.7017366915294181
GRASP (a=0.5),29250,22602974.533333335,5266956.328162132,0.702591052080645
GRASP (a=0.5),29500,22848605.6,5290714.061149723,0.7102262502400074
GRASP (a=0.5),29750,23037392.133333333,5310350.422604101,0.7160944924431615
GRASP (a=0.5),30000,23069168.6,5310739.952265111,0.7170822324025113
GRASP (a=0.5),30250,23207641.533333335,5319511.698631838,0.7213865262365766
GRASP (a=0.5),30500,23207641.533333335,5319511.698631838,0.7213865262365766
GRASP (a=0.5),30750,23240651.6,5335324.866921959,0.722412611428788
GRASP (a=0.5),31000,23605215.933333334,4891914.796139755,0.7337447322578412
GRASP (a=0.5),31250,23646046.133333333,4908588.727950018,0.7350138985409053
GRASP (a=0.5),31500,23882677.2,4626466.243694026,0.7423693406239424
GRASP (a=0.5),31750,24015647.6,4719651.985662257,0.7465025936652097
GRASP (a=0.5),32000,24103014.666666668,4808955.686342183,0.7492183123064005
GRASP (a=0.5),32250,24141541.066666666,4819747.164108796,0.7504158672507268
GRASP (a=0.5),32500,24237894.2,4913741.037908667,0.7534109088643914
GRASP (a=0.5),32750,24277178.333333332,4933189.250658292,0.7546320171980773
GRASP (a=0.5),33000,24389263.666666668,4904497.798718986,0.7581160786499602
GRASP (a=0.5),33250,24389263.666666668,4904497.798718986,0.7581160786499602
GRASP (a=0.5),33500,24389817.066666666,4904727.851300234,0.7581332805402533
GRASP (a=0.5),33750,24390249.133333333,4903669.428043946,0.7581467109041842
GRASP (a=0.5),34000,24687604.8,4957397.99600505,0.7673897169686017
GRASP (a=0.5),34250,24811803.466666665,4983210.936607825,0.771250309376546
GRASP (a=0.5),34500,25166054.533333335,5200500.361760723,0.7822618525370701
GRASP (a=0.5),34750,25261527.666666668,5202661.774913404,0.7852295402232717
GRASP (a=0.5),35000,25313387.333333332,5226561.835779955,0.7868415465417388
GRASP (a=0.5),35250,25318105.2,5221811.840365704,0.7869881967492157
GRASP (a=0.5),35500,25336820.933333334,5233002.134135535,0.7875699567628694
GRASP (a=0.5),35750,25397542.2,5256184.368050407,0.7894574171308881
GRASP (a=0.5),36000,25417580.066666666,5206878.732800727,0.7900802743482878
GRASP (a=0.5),36250,25453098.666666668,5224928.670185729,0.7911843348119064
GRASP (a=0.5),36500,25579802.266666666,5057643.28332123,0.7951227905888274
GRASP (a=0.5),36750,25579821.466666665,5057655.553410674,0.7951233874017901
GRASP (a=0.5),37000,25628872.466666665,4940688.609428762,0.7966480891017714
GRASP (a=0.5),37250,25628900.4,4940706.588133549,0.7966489573817417
GRASP (a=0.5),37500,25646209.2,4925904.521209251,0.7971869842677305
GRASP (a=0.5),37750,25727067.733333334,4920385.910969868,0.7997003916035919
GRASP (a=0.5),38000,25727067.733333334,4920385.910969868,0.7997003916035919
GRASP (a=0.5),38250,25839752.733333334,4952379.67704105,0.8032030930992269
GRASP (a=0.5),38500,25865089.733333334,4970679.293778488,0.8039906686220996
GRASP (a=0.5),38750,25865217.4,4970644.034535662,0.8039946370138488
GRASP (a=0.5),39000,25901314.933333334,4947124.747061316,0.8051166930461104
GRASP (a=0.5),39250,26050302.0,4957944.976645753,0.809747808289875
GRASP (a=0.5),39500,26050302.0,4957944.976645753,0.809747808289875
GRASP (a=0.5),39750,26051085.266666666,4958376.969224571,0.8097721553575843
GRASP (a=0.5),40000,26051776.4,4957220.385175241,0.8097936385519787
GRASP (a=0.5),40250,26052831.066666666,4957818.624370968,0.8098264218195896
GRASP (a=0.5),40500,26181386.666666668,5054690.99985826,0.8138224451802167
GRASP (a=0.5),40750,26219020.0,5005141.678885153,0.8149922400327029
GRASP (a=0.5),41000,26297003.2,4817455.092219827,0.8174162704828463
GRASP (a=0.5),41250,26303311.133333333,4811753.687029544,0.8176123463360745
GRASP (a=0.5),41500,26303311.133333333,4811753.687029544,0.8176123463360745
GRASP (a=0.5),41750,26373333.2,4832225.84763906,0.8197889128501695
GRASP (a=0.5),42000,26411239.0,4799994.966137419,0.8209671770588329
GRASP (a=0.5),42250,26431309.733333334,4804711.364602449,0.821591055903978
GRASP (a=0.5),42500,26431782.4,4805138.623286337,0.8216057482786531
GRASP (a=0.5),42750,26626678.533333335,4660645.264005065,0.8276639013400202
GRASP (a=0.5),43000,26664842.8,4680815.099290937,0.8288501997287423
GRASP (a=0.5),43250,26692207.2,4672989.072659172,0.8297007949704085
GRASP (a=0.5),43500,26692207.2,4672989.072659172,0.8297007949704085
GRASP (a=0.5),43750,26882345.266666666,4590012.536102418,0.8356110482471577
GRASP (a=0.5),44000,27159389.333333332,4267836.433313383,0.8442226883649209
GRASP (a=0.5),44250,27234631.533333335,4271495.068992854,0.846561517547819
GRASP (a=0.5),44500,27264522.266666666,4255935.735013536,0.8474906413562433
GRASP (a=0.5),44750,27264522.266666666,4255935.735013536,0.8474906413562433
GRASP (a=0.5),45000,27264847.066666666,4256098.767655798,0.8475007374421979
GRASP (a=0.5),45250,27264847.066666666,4256098.767655798,0.8475007374421979
GRASP (a=0.5),45500,27264974.266666666,4256150.532941852,0.8475046913280766
GRASP (a=0.5),45750,27296782.266666666,4269220.908766685,0.8484934114698272
GRASP (a=0.5),46000,27298119.866666667,4270321.1085208785,0.8485349894395707
GRASP (a=0.5),46250,27298519.8,4270562.686429593,0.8485474209706958
GRASP (a=0.5),46500,27298519.8,4270562.686429593,0.8485474209706958
GRASP (a=0.5),46750,27298946.533333335,4270643.058314669,0.8485606855532482
GRASP (a=0.5),47000,27299346.666666668,4270774.9954068335,0.8485731233011747
GRASP (a=0.5),47250,27299346.666666668,4270774.9954068335,0.8485731233011747
GRASP (a=0.5),47500,27300775.466666665,4270304.886013659,0.8486175361324918
GRASP (a=0.5),47750,27300775.466666665,4270304.886013659,0.8486175361324918
GRASP (a=0.5),48000,27315529.533333335,4273469.326920691,0.8490761516658817
GRASP (a=0.5),48250,27315529.533333335,4273469.326920691,0.8490761516658817
GRASP (a=0.5),48500,27315529.533333335,4273469.326920691,0.8490761516658817
GRASP (a=0.5),48750,27317457.133333333,4272850.78699218,0.8491360692006288
GRASP (a=0.5),49000,27318872.066666666,4273321.228333822,0.8491800510003616
GRASP (a=0.5),49250,27319231.266666666,4273438.492458126,0.8491912163762079
GRASP (a=0.5),49500,27319389.0,4272973.825937822,0.8491961193604789
GRASP (a=0.5),49750,27333194.133333333,4282141.081071591,0.8496252382420878
GRASP (a=0.5),50000,27333194.133333333,4282141.081071591,0.8496252382420878
GRASP (a=0.5) + BL,0,-471100756.6,13179720.968699234,-14.643699913365761
GRASP (a=0.5) + BL,250,-471100756.6,13179720.968699234,-14.643699913365761
GRASP (a=0.5) + BL,500,-380008703.73333335,17906670.326465398,-11.812193769544136
GRASP (a=0.5) + BL,750,-343082657.3333333,20429525.749270443,-10.664384230091953
GRASP (a=0.5) + BL,1000,-314961831.0,21994093.859352984,-9.790276225865481
GRASP (a=0.5) + BL,1250,-291879877.53333336,22693800.766904764,-9.072796588559083
GRASP (a=0.5) + BL,1500,-277178373.6,24032598.466756497,-8.615814915617953
GRASP (a=0.5) + BL,1750,-261122842.73333332,23996338.565374468,-8.116744657998144
GRASP (a=0.5) + BL,2000,-248454338.86666667,24917607.599981904,-7.722956776370318
GRASP (a=0.5) + BL,2250,-248454338.86666667,24917607.599981904,-7.722956776370318
GRASP (a=0.5) + BL,2500,-236928978.73333332,25023692.698543064,-7.364702384243955
GRASP (a=0.5) + BL,2750,-222956610.53333333,23591333.25589458,-6.930385172621259
GRASP (a=0.5) + BL,3000,-209702979.66666666,23073381.18799628,-6.518409198363211
GRASP (a=0.5) + BL,3250,-196883638.33333334,20373149.64874284,-6.119932683642328
GRASP (a=0.5) + BL,3500,-187165995.13333333,19924664.145531654,-5.8178693800022
GRASP (a=0.5) + BL,3750,-177575917.2,19465598.722387098,-5.519771316192968
GRASP (a=0.5) + BL,4000,-168072943.86666667,18202346.76288655,-5.224380812508835
GRASP (a=0.5) + BL,4250,-158907634.73333332,18014521.282200158,-4.939486265681092
GRASP (a=0.5) + BL,4500,-158907634.73333332,18014521.282200158,-4.939486265681092
GRASP (a=0.5) + BL,4750,-153234865.73333332,17834825.525768224,-4.763153865976676
GRASP (a=0.5) + BL,5000,-146933221.93333334,17929210.517101467,-4.567273516655832
GRASP (a=0.5) + BL,5250,-139551430.4,18079810.63139552,-4.337817846031768
GRASP (a=0.5) + BL,5500,-132378767.66666667,19149055.9225229,-4.114862736800438
GRASP (a=0.5) + BL,5750,-126839217.66666667,18254487.932998095,-3.942671317621797
GRASP (a=0.5) + BL,6000,-119388969.6,18836464.97509638,-3.711087743535047
GRASP (a=0.5) + BL,6250,-113621553.26666667,18145394.72215957,-3.5318133253186326
GRASP (a=0.5) + BL,6500,-106334843.2,19396945.518785246,-3.305313167810781
GRASP (a=0.5) + BL,6750,-106334843.2,19396945.518785246,-3.305313167810781
GRASP (a=0.5) + BL,7000,-98881429.66666667,18019320.684509058,-3.0736311983313196
GRASP (a=0.5) + BL,7250,-94341612.13333334,18525443.63847057,-2.9325154716248645
GRASP (a=0.5) + BL,7500,-89302083.46666667,17572797.091870826,-2.7758667198120324
GRASP (a=0.5) + BL,7750,-83924363.73333333,17589138.296099603,-2.608705634014874
GRASP (a=0.5) + BL,8000,-80099540.6,17734314.042828586,-2.489814799301592
GRASP (a=0.5) + BL,8250,-75325503.2,18071366.39585588,-2.3414185802733485
GRASP (a=0.5) + BL,8500,-70898594.86666666,17423581.36320258,-2.2038125240972297
GRASP (a=0.5) + BL,8750,-65459163.0,16847537.067252416,-2.0347331778241835
GRASP (a=0.5) + BL,9000,-61533624.13333333,17842751.86398005,-1.9127116944018394
GRASP (a=0.5) + BL,9250,-61533624.13333333,17842751.86398005,-1.9127116944018394
GRASP (a=0.5) + BL,9500,-57884895.266666666,18341574.778537948,-1.799294575367007
GRASP (a=0.5) + BL,9750,-52883042.733333334,17916485.03274923,-1.6438169488022238
GRASP (a=0.5) + BL,10000,-49091529.93333333,18777837.201005984,-1.5259615327727662
GRASP (a=0.5) + BL,10250,-44030669.6,17897007.403909754,-1.3686497072523625
GRASP (a=0.5) + BL,10500,-40153109.8,18585190.938448694,-1.2481196055451758
GRASP (a=0.5) + BL,10750,-35266008.266666666,19008074.774207637,-1.0962089000375483
GRASP (a=0.5) + BL,11000,-31759319.4,19526292.260147776,-0.9872069535672987
GRASP (a=0.5) + BL,11250,-28490391.4,20437086.026928242,-0.8855955678928675
GRASP (a=0.5) + BL,11500,-28490391.4,20437086.026928242,-0.8855955678928675
GRASP (a=0.5) + BL,11750,-25068920.8,20803345.714589465,-0.7792425467463856
GRASP (a=0.5) + BL,12000,-21100845.2,21510093.720604427,-0.6558988511443717
GRASP (a=0.5) + BL,12250,-18273870.266666666,21110246.172323573,-0.5680251383422291
GRASP (a=0.5) + BL,12500,-14318191.8,21092483.993262745,-0.4450667953378837
GRASP (a=0.5) + BL,12750,-9727478.8,19401328.633513805,-0.3023690335139387
GRASP (a=0.5) + BL,13000,-6584312.466666667,18688406.89382792,-0.20466682455270707
GRASP (a=0.5) + BL,13250,-3902367.2,18162576.697096832,-0.12130121513916793
GRASP (a=0.5) + BL,13500,642118.0,16235014.92796574,0.019959601357538118
GRASP (a=0.5) + BL,13750,642118.0,16235014.92796574,0.019959601357538118
GRASP (a=0.5) + BL,14000,3877444.533333333,14761506.274862926,0.12052651875714239
GRASP (a=0.5) + BL,14250,5950446.2,13975633.150139868,0.18496372014408186
GRASP (a=0.5) + BL,14500,9333029.333333334,13295852.53535197,0.29010796294690866
GRASP (a=0.5) + BL,14750,11721049.2,12606146.35565741,0.3643371927341876
GRASP (a=0.5) + BL,15000,14953049.066666666,10991565.14541551,0.46480070399891316
GRASP (a=0.5) + BL,15250,17870756.066666666,10111915.68567131,0.5554947331307837
GRASP (a=0.5) + BL,15500,19764645.466666665,10313780.832965689,0.6143644073016792
GRASP (a=0.5) + BL,15750,20828571.866666667,9672781.90966199,0.6474355045420005
GRASP (a=0.5) + BL,16000,22864449.2,8680016.55043624,0.7107187328367705
GRASP (a=0.5) + BL,16250,22864449.2,8680016.55043624,0.7107187328367705
GRASP (a=0.5) + BL,16500,24499956.0,7694356.735591509,0.7615568400780296
GRASP (a=0.5) + BL,16750,25530365.0,7719543.820297637,0.7935860821725036
GRASP (a=0.5) + BL,17000,26698930.333333332,7054847.429770598,0.829909776903958
GRASP (a=0.5) + BL,17250,27492297.4,5860279.712587395,0.8545708055324437
GRASP (a=0.5) + BL,17500,28178766.666666668,4992015.756632394,0.8759090220391734
GRASP (a=0.5) + BL,17750,28657873.866666667,4832124.30918183,0.890801594307084
GRASP (a=0.5) + BL,18000,29428605.533333335,2608837.283521582,0.9147590239700084
GRASP (a=0.5) + BL,18250,29662819.333333332,2292099.5995218526,0.922039327715479
GRASP (a=0.5) + BL,18500,29662819.333333332,2292099.5995218526,0.922039327715479
GRASP (a=0.5) + BL,18750,29823875.066666666,1689367.0610050748,0.9270455854962597
GRASP (a=0.5) + BL,19000,30173754.333333332,627060.9676258039,0.9379212355885082
GRASP (a=0.5) + BL,19250,30230591.933333334,458916.070852903,0.9396879760289245
GRASP (a=0.5) + BL,19500,30239222.2,444745.28790601034,0.9399562393111809
GRASP (a=0.5) + BL,19750,30339693.8,174080.8020498363,0.9430792993776391
GRASP (a=0.5) + BL,20000,30374498.0,153509.92060775746,0.9441611534255991
GRASP (a=0.5) + BL,20250,30378475.2,153728.83820694525,0.9442847807441281
GRASP (a=0.5) + BL,20500,30385827.933333334,156062.74315958706,0.944513333169417
GRASP (a=0.5) + BL,20750,30385827.933333334,156062.74315958706,0.944513333169417
GRASP (a=0.5) + BL,21000,30395908.6,160742.87378063495,0.9448266806975737
GRASP (a=0.5) + BL,21250,30398440.333333332,161092.87099579134,0.9449053771179775
GRASP (a=0.5) + BL,21500,30400703.533333335,160729.87191996866,0.9449757264459708
GRASP (a=0.5) + BL,21750,30403587.4,160670.2368218831,0.9450653685818944
GRASP (a=0.5) + BL,22000,30406225.0,160532.5982173981,0.9451473557626627
GRASP (a=0.5) + BL,22250,30408880.266666666,160153.89953660496,0.9452298920942477
GRASP (a=0.5) + BL,22500,30411218.933333334,160378.9294588051,0.9453025872287476
GRASP (a=0.5) + BL,22750,30415866.266666666,159154.63745699235,0.945447044977493
GRASP (a=0.5) + BL,23000,30421664.866666667,148665.76273154616,0.9456272887090686
GRASP (a=0.5) + BL,23250,30421664.866666667,148665.76273154616,0.9456272887090686
GRASP (a=0.5) + BL,23500,30423575.0,149071.87380445524,0.945686663309801
GRASP (a=0.5) + BL,23750,30426470.666666668,147065.2461293804,0.9457766722370247
GRASP (a=0.5) + BL,24000,30427594.866666667,146690.73431293017,0.9458116168793584
GRASP (a=0.5) + BL,24250,30431931.266666666,147241.7099094773,0.9459464095737337
GRASP (a=0.5) + BL,24500,30434770.133333333,148093.39289634896,0.9460346529292756
GRASP (a=0.5) + BL,24750,30436834.266666666,148254.16725025527,0.946098814467314
GRASP (a=0.5) + BL,25000,30438279.533333335,149017.89102696296,0.9461437391486375
GRASP (a=0.5) + BL,25250,30442076.666666668,149939.87613500602,0.9462617692733727
GRASP (a=0.5) + BL,25500,30442076.666666668,149939.87613500602,0.9462617692733727
GRASP (a=0.5) + BL,25750,30443416.533333335,149719.4474651395,0.9463034177002022
GRASP (a=0.5) + BL,26000,30444696.066666666,149641.67276839633,0.9463431907251867
GRASP (a=0.5) + BL,26250,30446492.533333335,149207.6248673384,0.9463990321102885
GRASP (a=0.5) + BL,26500,30447763.666666668,148794.70742155673,0.9464385440296018
GRASP (a=0.5) + BL,26750,30449532.266666666,148284.09241455919,0.9464935192070005
GRASP (a=0.5) + BL,27000,30450675.666666668,148881.77605865992,0.9465290606622973
GRASP (a=0.5) + BL,27250,30452437.933333334,148994.33468158956,0.946583838974309
GRASP (a=0.5) + BL,27500,30454207.933333334,149264.93587121557,0.9466388576693197
GRASP (a=0.5) + BL,27750,30454207.933333334,149264.93587121557,0.9466388576693197
GRASP (a=0.5) + BL,28000,30454358.0,149291.10629141403,0.9466435223428589
GRASP (a=0.5) + BL,28250,30455054.066666666,148966.50274976328,0.9466651588850287
GRASP (a=0.5) + BL,28500,30456020.466666665,148429.5591974603,0.9466951984708242
GRASP (a=0.5) + BL,28750,30461287.533333335,151116.51737312158,0.9468589200157588
GRASP (a=0.5) + BL,29000,30462293.666666668,151285.0214489509,0.9468901946728248
GRASP (a=0.5) + BL,29250,30462902.466666665,151165.48754965139,0.9469091186171876
GRASP (a=0.5) + BL,29500,30463542.066666666,151193.7107367644,0.9469289999490118
GRASP (a=0.5) + BL,29750,30464141.333333332,151555.61406845562,0.9469476275591606
GRASP (a=0.5) + BL,30000,30465395.866666667,152206.04386294758,0.9469866234839331
GRASP (a=0.5) + BL,30250,30465395.866666667,152206.04386294758,0.9469866234839331
GRASP (a=0.5) + BL,30500,30465554.0,152166.91410609413,0.9469915389018075
GRASP (a=0.5) + BL,30750,30465577.133333333,152190.85354433223,0.946992257978537
GRASP (a=0.5) + BL,31000,30465584.666666668,152190.20336673947,0.9469924921447344
GRASP (a=0.5) + BL,31250,30465856.066666666,152180.2724555259,0.9470009283446359
GRASP (a=0.5) + BL,31500,30466086.4,152034.0162166725,0.9470080880279226
GRASP (a=0.5) + BL,31750,30466244.0,152112.38874548365,0.9470129868676592
GRASP (a=0.5) + BL,32000,30469344.533333335,152055.3005525418,0.9471093638720869
GRASP (a=0.5) + BL,32250,30470279.466666665,151971.4320587292,0.947138425347749
GRASP (a=0.5) + BL,32500,30470279.466666665,151971.4320587292,0.947138425347749
GRASP (a=0.5) + BL,32750,30471099.4,152290.8564035093,0.9471639121624358
GRASP (a=0.5) + BL,33000,30471444.333333332,152171.9654928344,0.9471746340730943
GRASP (a=0.5) + BL,33250,30472315.733333334,152072.03872435246,0.9472017206780844
GRASP (a=0.5) + BL,33500,30472996.866666667,152193.32809896136,0.9472228930323942
GRASP (a=0.5) + BL,33750,30474571.466666665,151071.0119072989,0.9472718379121476
GRASP (a=0.5) + BL,34000,30475083.533333335,150664.7570790702,0.947287754996757
GRASP (a=0.5) + BL,34250,30476196.533333335,148792.25541619462,0.9473223514981959
GRASP (a=0.5) + BL,34500,30476642.866666667,147794.73814520435,0.9473362253273143
GRASP (a=0.5) + BL,34750,30476642.866666667,147794.73814520435,0.9473362253273143
GRASP (a=0.5) + BL,35000,30477976.8,146716.36666478042,0.9473776893223602
GRASP (a=0.5) + BL,35250,30478900.2,145751.85286947715,0.9474063922957912
GRASP (a=0.5) + BL,35500,30479234.4,145533.52085236483,0.9474167805714253
GRASP (a=0.5) + BL,35750,30480492.066666666,144653.89846727587,0.9474558738927579
GRASP (a=0.5) + BL,36000,30481357.0,144066.43797220782,0.9474827594878263
GRASP (a=0.5) + BL,36250,30482204.666666668,143691.78542514762,0.9475091083656817
GRASP (a=0.5) + BL,36500,30483254.4,142691.70564031694,0.9475417382855174
GRASP (a=0.5) + BL,36750,30483539.0,142928.46530694998,0.947550584794331
GRASP (a=0.5) + BL,37000,30483805.333333332,143126.29065452583,0.9475588635019229
GRASP (a=0.5) + BL,37250,30483805.333333332,143126.29065452583,0.9475588635019229
GRASP (a=0.5) + BL,37500,30485229.066666666,142346.57715011056,0.9476031188409304
GRASP (a=0.5) + BL,37750,30485866.933333334,142577.15435534075,0.9476229462938065
GRASP (a=0.5) + BL,38000,30486086.266666666,142636.03907171098,0.9476297640529999
GRASP (a=0.5) + BL,38250,30486773.466666665,142776.19969972322,0.9476511249836277
GRASP (a=0.5) + BL,38500,30486773.466666665,142776.19969972322,0.9476511249836277
GRASP (a=0.5) + BL,38750,30487160.4,142927.02081921787,0.9476631524226425
GRASP (a=0.5) + BL,39000,30487306.866666667,142862.30196634732,0.9476677051937513
GRASP (a=0.5) + BL,39250,30491902.466666665,147886.64058463674,0.9478105548631247
GRASP (a=0.5) + BL,39500,30491902.466666665,147886.64058463674,0.9478105548631247
GRASP (a=0.5) + BL,39750,30491956.066666666,147847.1297858833,0.9478122209659793
GRASP (a=0.5) + BL,40000,30491956.066666666,147847.1297858833,0.9478122209659793
GRASP (a=0.5) + BL,40250,30492001.2,147799.14066307308,0.9478136238908954
GRASP (a=0.5) + BL,40500,30492108.733333334,147491.83064227496,0.9478169664579407
GRASP (a=0.5) + BL,40750,30492467.4,146924.16566806546,0.947828115255649
GRASP (a=0.5) + BL,41000,30493775.933333334,147290.58366394867,0.9478687897168795
GRASP (a=0.5) + BL,41250,30494000.333333332,146655.56888343452,0.9478757649683826
GRASP (a=0.5) + BL,41500,30494000.333333332,146655.56888343452,0.9478757649683826
GRASP (a=0.5) + BL,41750,30494000.333333332,146655.56888343452,0.9478757649683826
GRASP (a=0.5) + BL,42000,30494115.733333334,146811.6227427256,0.9478793520629613
GRASP (a=0.5) + BL,42250,30497235.933333334,151470.6079675746,0.9479763403862224
GRASP (a=0.5) + BL,42500,30497235.933333334,151470.6079675746,0.9479763403862224
GRASP (a=0.5) + BL,42750,30498264.666666668,151334.53809673578,0.94800831754188
GRASP (a=0.5) + BL,43000,30499122.133333333,151032.48147802352,0.9480349710430184
GRASP (a=0.5) + BL,43250,30499122.133333333,151032.48147802352,0.9480349710430184
GRASP (a=0.5) + BL,43500,30499122.133333333,151032.48147802352,0.9480349710430184
GRASP (a=0.5) + BL,43750,30499122.133333333,151032.48147802352,0.9480349710430184
GRASP (a=0.5) + BL,44000,30499122.133333333,151032.48147802352,0.9480349710430184
GRASP (a=0.5) + BL,44250,30499122.133333333,151032.48147802352,0.9480349710430184
GRASP (a=0.5) + BL,44500,30499144.666666668,151060.8502570436,0.9480356714693429
GRASP (a=0.5) + BL,44750,30499144.666666668,151060.8502570436,0.9480356714693429
GRASP (a=0.5) + BL,45000,30499353.733333334,151124.45660044887,0.9480421700993825
GRASP (a=0.5) + BL,45250,30499514.8,151176.3988360239,0.9480471766970151
GRASP (a=0.5) + BL,45500,30499514.8,151176.3988360239,0.9480471766970151
GRASP (a=0.5) + BL,45750,30499997.666666668,151793.37298054062,0.9480621861285768
GRASP (a=0.5) + BL,46000,30500551.866666667,152160.16099720466,0.9480794128860768
GRASP (a=0.5) + BL,46250,30500551.866666667,152160.16099720466,0.9480794128860768
GRASP (a=0.5) + BL,46500,30500551.866666667,152160.16099720466,0.9480794128860768
GRASP (a=0.5) + BL,46750,30500551.866666667,152160.16099720466,0.9480794128860768
GRASP (a=0.5) + BL,47000,30501451.4,149766.72432047685,0.9481073739878386
GRASP (a=0.5) + BL,47250,30502450.133333333,150509.28943702477,0.9481384186232418
GRASP (a=0.5) + BL,47500,30502999.866666667,149022.46100114606,0.9481555065388372
GRASP (a=0.5) + BL,47750,30506077.666666668,142843.76721272725,0.9482511769001388
GRASP (a=0.5) + BL,48000,30508678.266666666,136458.98263343595,0.9483320139725934
GRASP (a=0.5) + BL,48250,30509693.2,135205.7618273507,0.9483635621689339
GRASP (a=0.5) + BL,48500,30509693.2,135205.7618273507,0.9483635621689339
GRASP (a=0.5) + BL,48750,30509693.2,135205.7618273507,0.9483635621689339
GRASP (a=0.5) + BL,49000,30509693.2,135205.7618273507,0.9483635621689339
GRASP (a=0.5) + BL,49250,30509693.2,135205.7618273507,0.9483635621689339
GRASP (a=0.5) + BL,49500,30509693.2,135205.7618273507,0.9483635621689339
GRASP (a=0.5) + BL,49750,30509693.2,135205.7618273507,0.9483635621689339
GRASP (a=0.5) + BL,50000,30509693.2,135205.7618273507,0.9483635621689339
